GISJOIN,COUNTYA,TRACTA,BLKGRPA,PUnder5,PUnder18,POver65,PAfam,PNonWhite,PHisp,PNoDiploma,PCollegePlus,PPov,PRenter,MedValue,PerCapInc,PMobHom
G13005100001001,51,100,1,0.124217119,0.291753653,0,0.596555324,0.629958246,0.08559499,0.418269231,0,0.988636364,1,,2372,0.009345794
G13005100003001,51,300,1,0.00712831,0.025458248,0.034623218,0.099796334,0.153767821,0.107942974,0.015801354,8.962962963,0.212307692,0.615384615,498500,26687,0.022026432
G13005100003002,51,300,2,0.02853067,0.055634807,0.20256776,0.05278174,0.05278174,0.069900143,0.0321489,12.27777778,0.04784689,0.574162679,448100,55199,0
G13005100006011,51,601,1,0.025787966,0.106017192,0.126074499,1,1,0,0.295081967,0,0.328767123,0.726027397,,17272,0
G13005100006012,51,601,2,0.051975052,0.280665281,0.16008316,1,1,0,0.465277778,0,0.440677966,0.497175141,57300,11150,0.111111111
G13005100006013,51,601,3,0.006459948,0.047803618,0.156330749,0.926356589,0.926356589,0,0.364197531,0.281105991,0.202846975,0.604982206,60400,16578,0.04950495
G13005100006014,51,601,4,0,0.054287477,0.029611351,0.455274522,0.563232572,0.111659469,0.244588745,0.672897196,0.587155963,0.45412844,61400,4924,0
G13005100006015,51,601,5,0.060301508,0.184924623,0.211055276,0.946733668,0.946733668,0,0.295874822,0.970588235,0.436144578,0.696385542,75000,15537,0
G13005100009001,51,900,1,0.025619129,0.035866781,0.368061486,0.151152861,0.166524338,0.081127242,0.058945191,7.44047619,0.293193717,0.651832461,613600,51276,0
G13005100011001,51,1100,1,0.033333333,0.077777778,0.048148148,0.121296296,0.176851852,0.041666667,0.042580645,4.460674157,0.302681992,0.737547893,327300,26783,0
G13005100011002,51,1100,2,0.07221665,0.355065196,0.129388164,0.976930792,0.981945838,0,0.238185255,0.102150538,0.460490463,0.705722071,59600,9683,0.020089286
G13005100012001,51,1200,1,0.20540265,0.468909276,0.060142712,0.986748216,0.986748216,0.00764526,0.315175097,0.067647059,0.611353712,0.908296943,75000,8255,0.005800464
G13005100015001,51,1500,1,0.027542373,0.100282486,0.106638418,0.258474576,0.28319209,0.134180791,0.187788018,1.715909091,0.468847352,0.862928349,450000,19394,0.012
G13005100020001,51,2000,1,0.020168067,0.078991597,0.058823529,0.304201681,0.327731092,0.060504202,0.069518717,2.023809524,0.487903226,0.661290323,250000,15592,0.027548209
G13005100020002,51,2000,2,0.041116006,0.095447871,0.092511013,0.741556535,0.765051395,0.013215859,0.194117647,0.846153846,0.308988764,0.508426966,79200,16141,0
G13005100021001,51,2100,1,0,0.06518283,0.216216216,0.639109698,0.645468998,0.007949126,0.192748092,1.251908397,0.314393939,0.609848485,135600,16737,0
G13005100021002,51,2100,2,0.139372822,0.168989547,0.18466899,0.958188153,0.975609756,0,0.237704918,0.476635514,0.448717949,0.448717949,102800,16055,0
G13005100021003,51,2100,3,0.091772152,0.282700422,0.099156118,0.911392405,0.911392405,0,0.038888889,0.488372093,0.192982456,0.484210526,144600,19159,0
G13005100022001,51,2200,1,0.075839653,0.256771398,0.157096425,0.872156013,0.872156013,0.033586132,0.298876404,0.617647059,0.16576087,0.877717391,,14698,0.048346056
G13005100022002,51,2200,2,0.012562814,0.15201005,0.061557789,0.840452261,0.864321608,0.007537688,0.012048193,0.303167421,0.256684492,0.719251337,94500,17262,0.013986014
G13005100022003,51,2200,3,0,0.085260116,0.25867052,0.277456647,0.343930636,0,0.105050505,2.359550562,0.271293375,0.56466877,204200,27072,0
G13005100022004,51,2200,4,0.081443299,0.312371134,0.046391753,0.958762887,0.958762887,0,0.29318542,0.227027027,0.320916905,0.779369628,83800,22075,0
G13005100022005,51,2200,5,0.015151515,0.227272727,0.1184573,0.935261708,0.935261708,0,0.108208955,0.690217391,0.154639175,0.41580756,121200,19075,0
G13005100023001,51,2300,1,0.084693085,0.284382284,0.083916084,0.951825952,0.963480963,0,0.160220994,0.670995671,0.269230769,0.741452991,83000,14373,0
G13005100023002,51,2300,2,0.072258065,0.267096774,0.178064516,0.945806452,0.952258065,0,0.288043478,0.240506329,0.36038961,0.525974026,78000,12407,0
G13005100026001,51,2600,1,0.07106599,0.211928934,0.109137056,0.723350254,0.743654822,0.01142132,0.243083004,0.781456954,0.295019157,0.570881226,90000,13119,0
G13005100026002,51,2600,2,0.033290653,0.231754161,0.165172855,0.546734955,0.563380282,0.008962868,0.112426036,1.339285714,0.20754717,0.553459119,196300,34241,0
G13005100027001,51,2700,1,0.009363296,0.097378277,0.187265918,0.850187266,0.926966292,0,0.077830189,0.785714286,0.07755102,0.47755102,86900,22052,0
G13005100027002,51,2700,2,0.135135135,0.346096096,0.121621622,0.968468468,0.968468468,0,0.129526462,0.431472081,0.338308458,0.378109453,115600,12426,0
G13005100027003,51,2700,3,0.051724138,0.139367816,0.103448276,0.454022989,0.454022989,0.051724138,0.155069583,2.3,0.382142857,0.4,207300,23294,0
G13005100027004,51,2700,4,0,0.068965517,0.209359606,0.807881773,0.807881773,0,0.076923077,0.650485437,0.231617647,0.323529412,76600,17693,0
G13005100028001,51,2800,1,0.077760498,0.172628305,0.209953344,0.976671851,0.976671851,0,0.26076555,0.149350649,0.222627737,0.379562044,82900,11394,0
G13005100028002,51,2800,2,0.061403509,0.228070175,0.214035088,0.843859649,0.843859649,0,0.152284264,0.288659794,0.398058252,0.529126214,104300,13678,0.020253165
G13005100028003,51,2800,3,0.047275641,0.075320513,0.08974359,0.674679487,0.699519231,0.043269231,0.168604651,0.703703704,0.171875,0.700520833,102500,11126,0
G13005100029001,51,2900,1,0.0710988,0.215143121,0.278855032,0.024930748,0.024930748,0.028624192,0,10.13043478,0.114893617,0.319148936,403500,57441,0
G13005100029002,51,2900,2,0.042857143,0.168571429,0.142857143,0.042857143,0.042857143,0.022857143,0,13.25,0.056603774,0.226415094,271000,39865,0
G13005100029003,51,2900,3,0.033810143,0.154746424,0.11313394,0.093628088,0.101430429,0,0.012152778,9.918918919,0.08033241,0.32132964,326300,46383,0
G13005100029004,51,2900,4,0.031613977,0.174708819,0.043261231,0.191347754,0.191347754,0.053244592,0.097251586,4.35,0.066666667,0.340350877,235300,35503,0
G13005100030001,51,3000,1,0.049907579,0.162661738,0.088724584,0.105360444,0.19038817,0.105360444,0.066339066,11.23529412,0.273764259,0.330798479,188300,27270,0
G13005100030002,51,3000,2,0.06961178,0.196787149,0.099732262,0.036144578,0.06626506,0.072958501,0.045774648,15.97777778,0.123308271,0.37443609,277300,45144,0
G13005100033011,51,3301,1,0.059051307,0.24588577,0.191674734,0.972894482,0.976766699,0.008712488,0.097560976,0.557939914,0.247282609,0.25,96000,15130,0
G13005100033012,51,3301,2,0.033985582,0.29454171,0.131822863,0.98146241,0.98146241,0,0.208400646,0.179824561,0.291666667,0.726851852,86400,12818,0.012448133
G13005100033021,51,3302,1,0.029947917,0.09765625,0.322916667,0.87109375,0.87109375,0,0.115987461,0.607929515,0.146627566,0.237536657,107700,22703,0
G13005100033022,51,3302,2,0.048260382,0.2671156,0.232323232,1,1,0,0.104395604,0.572164948,0.234177215,0.373417722,87600,13518,0
G13005100034001,51,3400,1,0.092664093,0.217503218,0.115830116,0.826254826,0.826254826,0,0.22278481,0.66,0.363636364,0.524793388,90500,35161,0.056291391
G13005100034002,51,3400,2,0.005602241,0.177871148,0.180672269,0.844537815,0.859943978,0,0.128070175,2.180851064,0.136212625,0.534883721,117900,27644,0
G13005100034003,51,3400,3,0.023066486,0.214382632,0.141112619,0.23202171,0.252374491,0.040705563,0.063091483,1.974683544,0.192090395,0.446327684,202900,21745,0
G13005100034004,51,3400,4,0.049497293,0.094354215,0.210363496,0.035576179,0.039443155,0.012374323,0.042201835,2.675,0.052188552,0.372053872,223400,39090,0
G13005100034005,51,3400,5,0.017518248,0.059854015,0.272992701,0.249635036,0.305109489,0.026277372,0.049839228,1.354285714,0.125373134,0.63880597,171400,30611,0.017910448
G13005100035011,51,3501,1,0.034220532,0.230038023,0.050380228,0.539923954,0.595057034,0.005703422,0.088685015,1.431372549,0.292225201,0.576407507,122100,15195,0
G13005100035012,51,3501,2,0.080729167,0.269965278,0.116319444,0.813368056,0.813368056,0.019097222,0.227154047,0.509174312,0.351807229,0.672289157,98000,15263,0
G13005100035013,51,3501,3,0.087179487,0.225641026,0.263247863,0.673504274,0.692307692,0.011965812,0.333333333,0.446428571,0.507598784,0.85106383,101700,13399,0
G13005100035021,51,3502,1,0.016042781,0.171122995,0.11942959,0.711229947,0.734402852,0,0.135254989,0.457142857,0.141129032,0.568548387,81100,19367,0
G13005100035022,51,3502,2,0.057377049,0.295081967,0.145081967,0.873770492,0.873770492,0,0.216589862,0.219917012,0.339759036,0.530120482,99100,15798,0
G13005100035023,51,3502,3,0.029810298,0.18699187,0.08401084,0.376693767,0.493224932,0,0.146310433,0.506024096,0.176966292,0.22752809,112800,18718,0
G13005100035024,51,3502,4,0.068611987,0.27681388,0.130126183,0.349369085,0.356466877,0.017350158,0.187134503,1.329032258,0.147826087,0.420289855,123200,19817,0
G13005100036011,51,3601,1,0.061471861,0.244588745,0.074458874,0.730735931,0.730735931,0.076190476,0.178270849,0.619246862,0.239336493,0.617298578,107000,15718,0.009122007
G13005100036012,51,3601,2,0,0.144460028,0.088359046,0.974754558,0.974754558,0,0.046454768,0.324022346,0.282786885,0.62704918,123600,11630,0
G13005100036021,51,3602,1,0.042718447,0.196116505,0.052427184,0.966990291,0.966990291,0,0.173652695,0.301675978,0.182857143,0.554285714,80500,15031,0
G13005100036022,51,3602,2,0.085659288,0.288739172,0.074109721,0.767083734,0.799807507,0.027911453,0.070072993,0.715277778,0.184782609,0.622282609,96200,20272,0
G13005100036023,51,3602,3,0,0.259305211,0.115384615,0.671215881,0.671215881,0.022332506,0.1,0.349557522,0.386138614,0.485148515,82500,13534,0
G13005100036024,51,3602,4,0.025641026,0.134032634,0.134032634,0.447552448,0.472027972,0.10955711,0.197387518,0.738219895,0.078817734,0.36453202,106100,24573,0
G13005100036025,51,3602,5,0.112396694,0.238016529,0.084297521,0.814876033,0.821487603,0,0.044596913,1.3671875,0.347474747,0.549494949,120800,15750,0
G13005100037001,51,3700,1,0.100678733,0.242081448,0.153846154,0.714932127,0.718325792,0.020361991,0.176859504,0.258426966,0.263020833,0.5234375,89600,15361,0.004338395
G13005100037002,51,3700,2,0.029579067,0.22298066,0.034129693,0.703071672,0.736063709,0.025028441,0.17211704,0.452054795,0.281786942,0.546391753,75900,16735,0.024054983
G13005100038001,51,3800,1,0.014827018,0.202635914,0.149917628,0.89538715,0.919275124,0,0.196531792,0.494296578,0.145374449,0.303964758,93300,19775,0
G13005100038002,51,3800,2,0.069240196,0.167279412,0.042279412,0.773284314,0.786764706,0.026960784,0.155902004,1.422535211,0.384615385,0.594405594,94700,12746,0
G13005100039001,51,3900,1,0.012771392,0.09706258,0.326947637,0.079182631,0.094508301,0.01660281,0.086757991,1.218579235,0.075409836,0.318032787,177000,27024,0.027108434
G13005100039002,51,3900,2,0.082352941,0.244444444,0.105882353,0.699346405,0.699346405,0,0.279569892,0.550458716,0.304109589,0.498630137,96200,16127,0
G13005100039003,51,3900,3,0.047619048,0.388528139,0.186147186,0.641774892,0.641774892,0.032467532,0.088421053,0.384615385,0.147887324,0.264084507,146000,14746,0
G13005100039004,51,3900,4,0.019966722,0.311980033,0.051580699,0.929284526,0.929284526,0,0.116104869,0.183673469,0,0.446366782,98600,12865,0
G13005100040011,51,4001,1,0.078911565,0.201360544,0.368707483,0.208163265,0.208163265,0,0.09252669,5.87037037,0.139784946,0.150537634,373600,58165,0
G13005100040012,51,4001,2,0.03500761,0.120243531,0.345509893,0.04261796,0.051750381,0,0.029411765,4.71641791,0.154798762,0.164086687,175900,36751,0
G13005100040013,51,4001,3,0.045708955,0.241604478,0.280783582,0.030783582,0.064365672,0.041977612,0.009913259,2.443708609,0.03803132,0.371364653,188100,35566,0
G13005100040014,51,4001,4,0.019002375,0.25415677,0.285035629,0.167458432,0.193586698,0.026128266,0.013114754,5.568965517,0.103044496,0.526932084,209600,32034,0
G13005100040015,51,4001,5,0.065830721,0.08045977,0.244514107,0.625914316,0.642633229,0.045977011,0.281081081,0.084175084,0.283062645,0.886310905,101600,13588,0.066532258
G13005100040021,51,4002,1,0.058035714,0.191964286,0.1640625,0.2421875,0.285714286,0.027901786,0.214754098,5.777777778,0.169329073,0.361022364,239300,25618,0
G13005100040022,51,4002,2,0.071931196,0.116497263,0.258014073,0.184519156,0.241594996,0.008600469,0.048442907,2.700729927,0.255936675,0.679419525,147600,24826,0
G13005100040023,51,4002,3,0.126582278,0.167369902,0.080168776,0.299578059,0.322081575,0.144866385,0.090225564,0.882882883,0.343085106,0.763297872,,16754,0.095744681
G13005100040024,51,4002,4,0.053507729,0.309155767,0.089179548,0.361474435,0.494649227,0.117717004,0.192139738,0.52173913,0.180722892,0.497991968,110500,15211,0
G13005100041001,51,4100,1,0.093004769,0.26709062,0.169316375,0.334658188,0.343402226,0.018282989,0.116161616,0.798245614,0.171232877,0.347031963,118800,21290,0.047713718
G13005100041002,51,4100,2,0.04,0.151304348,0.300869565,0.013913043,0.036521739,0.045217391,0.023861171,1.485148515,0.022304833,0.144981413,162500,32112,0
G13005100042071,51,4207,1,0.076319232,0.276929786,0.189271696,0.666375927,0.703445268,0.018752726,0.138228942,0.768987342,0.366486486,0.816216216,107900,16010,0.007497657
G13005100042072,51,4207,2,0.06764961,0.227233304,0.140503036,0.767562879,0.784041631,0.008673027,0.142476698,0.462783172,0.257028112,0.463855422,157000,21754,0
G13005100042073,51,4207,3,0.144385027,0.342245989,0,0.92513369,0.92513369,0,0.247619048,0,0.504761905,1,,9196,0.194029851
G13005100042081,51,4208,1,0.090978593,0.344036697,0.135321101,0.565749235,0.610091743,0.066513761,0.115440115,0.651041667,0.151515152,0.457070707,123700,19745,0
G13005100042082,51,4208,2,0.018583043,0.160278746,0.174216028,0.480836237,0.505226481,0.261324042,0.369158879,0.629139073,0.089430894,0.613821138,116600,19577,0
G13005100042083,51,4208,3,0.06685633,0.190611664,0.13940256,0.375533428,0.422475107,0.116642959,0.151843818,0.813559322,0.113445378,0.378151261,123000,19655,0.085409253
G13005100042084,51,4208,4,0.040963855,0.162248996,0.062650602,0.489156627,0.646586345,0.102811245,0.108287293,1.073891626,0.171206226,0.727626459,118000,25693,0
G13005100042085,51,4208,5,0.059299191,0.197663971,0.053908356,0.479784367,0.554357592,0.154537287,0.095238095,1.723684211,0.1484375,1,,16704,0
G13005100042091,51,4209,1,0.07807417,0.145087833,0.098243331,0.364996747,0.411190631,0.031880286,0.055765595,1.175965665,0.166407465,0.780715397,150400,23920,0
G13005100042092,51,4209,2,0.09296875,0.27578125,0,0.56015625,0.846875,0.1609375,0.204702628,0.836538462,0.424408015,1,,14028,0
G13005100042093,51,4209,3,0.035460993,0.14893617,0.212765957,0.49822695,0.49822695,0.014184397,0.08988764,0.647058824,0.207612457,0.307958478,144600,33195,0
G13005100042101,51,4210,1,0,0.04028436,0.035545024,0.511848341,0.8507109,0.075829384,0,2.561403509,0.277777778,1,,19245,0.045833333
G13005100042102,51,4210,2,0.135003054,0.296273671,0.083689676,0.686010996,0.691508858,0.148442272,0.127946128,0.513661202,0.333996024,0.65805169,127400,15167,0
G13005100042103,51,4210,3,0.0729237,0.240378123,0.076299797,0.464550979,0.569209993,0.113436867,0.149948294,0.89047619,0.126415094,0.488679245,114700,19931,0
G13005100042104,51,4210,4,0.02872777,0.192202462,0.095759234,0.482216142,0.5,0.017783858,0.161290323,0.707964602,0.278985507,0.740942029,200300,18981,0
G13005100042111,51,4211,1,0.115577889,0.26758794,0.087939698,0.73241206,0.753768844,0.021356784,0.182795699,1.623376623,0.193370166,0.759668508,88200,19761,0
G13005100042112,51,4211,2,0.089234312,0.359240069,0.15716753,0.259067358,0.266551526,0.097869891,0.082191781,0.921161826,0.232774674,0.266294227,110100,15672,0
G13005100042113,51,4211,3,0.074704142,0.26035503,0.107248521,0.549556213,0.613905325,0.021449704,0.078457447,0.56928839,0.077306733,0.246882793,120100,18270,0.019693654
G13005100042114,51,4211,4,0.057446809,0.073758865,0.260283688,0.161702128,0.207092199,0.011347518,0.133716161,1.126315789,0.032846715,0.03649635,160700,27378,0
G13005100042121,51,4212,1,0.021406728,0.108423686,0.052543786,0.305254379,0.398387545,0.065054212,0.036445013,1.083503055,0.129196338,0.619532045,128500,16475,0
G13005100042122,51,4212,2,0.075104312,0.369958275,0.173852573,0.360222531,0.365090403,0.100834492,0.112268519,3.07,0.045174538,0.160164271,161300,20468,0
G13005100042123,51,4212,3,0.083887043,0.259136213,0.231727575,0.188538206,0.209302326,0.043189369,0.064638783,2.227586207,0.11778291,0.03926097,197300,28777,0
G13005100043001,51,4300,1,0.136849871,0.354112873,0.028402803,0.216894135,0.273699742,0.16894135,0.083838384,1.166666667,0.106115108,1,,16375,0.019769357
G13005100044001,51,4400,1,0.097402597,0.320616883,0.102272727,0.944805195,0.956168831,0.025162338,0.193820225,0.22310757,0.447537473,0.815845824,83500,12335,0
G13005100044002,51,4400,2,0.052036199,0.201357466,0.160633484,0.989819005,0.989819005,0,0.187817259,0.275229358,0.141414141,0.505050505,91000,14144,0.036827195
G13005100045001,51,4500,1,0.066546763,0.253597122,0.188848921,0.803956835,0.803956835,0,0.074850299,0.553571429,0.203389831,0.536723164,55300,16977,0.344262295
G13005100045002,51,4500,2,0.06920078,0.298245614,0.167641326,0.967836257,0.967836257,0.064327485,0.436666667,0,0.367588933,0.339920949,73700,9982,0.057534247
G13005100045003,51,4500,3,0.054072096,0.282376502,0.146194927,0.974632844,0.974632844,0,0.186597938,1.085427136,0.288381743,0.296680498,101600,14972,0
G13005100045004,51,4500,4,0.01104503,0.075615973,0.356839422,1,1,0,0.186284545,1.923076923,0.233663366,0.24950495,115900,17136,0.047169811
G13005100101011,51,10101,1,0.26039783,0.607594937,0.005424955,0.962025316,0.962025316,0,0.192592593,0,0.806060606,1,,2227,0.051162791
G13005100101012,51,10101,2,0.027624309,0.060773481,0.359116022,0,0,0.011049724,0,5.857142857,0.086956522,0.114130435,361400,49453,0
G13005100101021,51,10102,1,0.113614104,0.196865818,0.083251714,0.056807052,0.179236043,0.193927522,0.199445983,0.853403141,0.124688279,0.633416459,147300,25006,0.315662651
G13005100101022,51,10102,2,0.059907834,0.194206715,0.04279131,0.669519421,0.685977617,0.008558262,0.032388664,2.114285714,0.168918919,0.543918919,174000,13595,0
G13005100101023,51,10102,3,0.032999411,0.142604596,0.189157336,0.502651738,0.509723041,0.022392457,0.049615056,1.473880597,0.074204947,0.330388693,166000,26978,0
G13005100102001,51,10200,1,0.129223474,0.2910492,0.171902786,0.532898637,0.570243035,0,0.18079096,2.865248227,0.057416268,0.148325359,246300,25200,0
G13005100102002,51,10200,2,0.045077106,0.257413998,0.059905101,0.639976275,0.639976275,0.006524318,0.057220708,0.828178694,0.282012195,0.365853659,115200,19219,0.016973126
G13005100102003,51,10200,3,0.104659014,0.273463876,0.138419986,0.198514517,0.198514517,0.066171506,0.072869955,1.582089552,0.16091954,0.409961686,197600,23319,0
G13005100105011,51,10501,1,0.205069124,0.534562212,0.021889401,0.258064516,0.744239631,0.578341014,0.296703297,0.107981221,0.520912548,0.707224335,35900,8386,0.877622378
G13005100105012,51,10501,2,0.263041065,0.51609323,0.032186459,0,0.113207547,0.889012209,0.604215457,0,0.306010929,0.278688525,,8413,0.426229508
G13005100105013,51,10501,3,0.076093654,0.174676525,0.047751078,0.274491682,0.33887862,0.15280345,0.160936008,1.738419619,0.372222222,0.896296296,109100,20472,0.242476354
G13005100105014,51,10501,4,0,0.354477612,0.072761194,0.264925373,0.264925373,0,0.043352601,0.097222222,0.425837321,0.622009569,,18721,0.653594771
G13005100105015,51,10501,5,0.189285714,0.189285714,0.096428571,0.2,0.2,0.198214286,0.123493976,0.122641509,0.406392694,0.648401826,183900,16912,0.521551724
G13005100105021,51,10502,1,0.083423619,0.460455038,0.030335861,0.72156013,0.751895991,0.020585049,0.134703196,0.122137405,0.448571429,0.928571429,97900,10315,0.145679012
G13005100105022,51,10502,2,0.04038893,0.257292446,0.125280479,0.763275991,0.763275991,0,0.093632959,0.555360281,0.147058824,0.396008403,150700,17869,0.033676333
G13005100106011,51,10601,1,0,0.091690544,0.35243553,0.094555874,0.094555874,0,0.072555205,0.336633663,0.181208054,0.181208054,135600,28074,0.375838926
G13005100106012,51,10601,2,0.012782694,0.271386431,0.150442478,0.060963618,0.071779744,0.043264503,0.168103448,1.032258065,0.089108911,0.319306931,128900,20387,0.056930693
G13005100106013,51,10601,3,0,0,0.123543124,0.226107226,0.417249417,0.121212121,0.339473684,2.076923077,0.134615385,0.572115385,109900,25715,0.25
G13005100106014,51,10601,4,0.017857143,0.109693878,0.256377551,0.635204082,0.635204082,0,0.124193548,0.183006536,0.260479042,0.670658683,101200,19438,0
G13005100106015,51,10601,5,0.113233288,0.297407913,0.177353342,0.94952251,0.94952251,0.05047749,0.090517241,0.267759563,0.278787879,0.927272727,,13228,0.060301508
G13005100106016,51,10601,6,0.140522876,0.208061002,0.105664488,0.449891068,0.449891068,0.467320261,0.13036566,0.13362069,0.195364238,0.698675497,,15315,0.345132743
G13005100106031,51,10603,1,0.069020867,0.179775281,0.163188871,0.532905297,0.54788657,0.017121455,0.194645441,0.519138756,0.150857143,0.738285714,137200,25319,0.007534984
G13005100106051,51,10605,1,0,0,0,0,0,0,0,0,0,1,,,0
G13005100107001,51,10700,1,0.097801133,0.25661956,0.049079129,0.409213816,0.494311515,0.087342483,0.068611027,2.896764253,0.04361874,0.423850786,185200,32066,0.086680224
G13005100107002,51,10700,2,0.136363636,0.213903743,0.044117647,0,0,0.132352941,0.076655052,0.596858639,0.106109325,0.205787781,78100,19231,0.014245014
G13005100107003,51,10700,3,0.060029283,0.165446559,0.409956076,0.048316252,0.048316252,0,0.310756972,0.014545455,0.209486166,0.209486166,125500,12686,0
G13005100108011,51,10801,1,0.063432836,0.218656716,0.147014925,0.096268657,0.120149254,0.032089552,0.090715048,1.133333333,0.115537849,0.284860558,158200,25278,0.141623489
G13005100108012,51,10801,2,0.111195735,0.203351104,0.111195735,0.083777609,0.083777609,0.058644326,0.122358176,0.300505051,0.03777336,0.427435388,106500,22268,0.226937269
G13005100108021,51,10802,1,0.11010929,0.281693989,0.094808743,0.349590164,0.394672131,0.04726776,0.043003254,3.798586572,0.072152886,0.419656786,178100,34392,0.023725212
G13005100108022,51,10802,2,0.108187135,0.218810916,0.069688109,0.038011696,0.053118908,0.005847953,0.294117647,0.235546039,0.088379705,0.139116203,117800,27769,0.26504298
G13005100108031,51,10803,1,0.007788162,0.049065421,0.246884735,0,0.028037383,0,0.08487395,0.983561644,0.065767285,0.065767285,188500,34415,0
G13005100108032,51,10803,2,0.075060533,0.265133172,0.284503632,0,0,0,0.126984127,0.332191781,0,0.272727273,97000,19308,0.13368984
G13005100108033,51,10803,3,0.098916302,0.338021674,0.084159557,0.217661978,0.257320729,0.090154485,0.058912387,1.146788991,0.141540487,0.453587887,181600,24043,0.252095422
G13005100108034,51,10803,4,0.10465604,0.295092282,0.092281879,0.41988255,0.446937919,0.015939597,0.081914552,1.140298507,0.077303649,0.158936302,154300,24229,0.037724181
G13005100108061,51,10806,1,0.106467662,0.22039801,0.182089552,0.294527363,0.38159204,0.022885572,0,1.610119048,0.08516129,0.465806452,200000,38814,0
G13005100108062,51,10806,2,0,0.219373219,0.014245014,0.34045584,0.477207977,0.074074074,0.13618677,2.426470588,0.271341463,0.606707317,176100,23066,0.026737968
G13005100108063,51,10806,3,0.072932331,0.179699248,0.014285714,0.094736842,0.165413534,0.081954887,0.033333333,0.710280374,0.23923445,0.471291866,149400,19077,0.041904762
G13005100108064,51,10806,4,0.087532024,0.218189582,0.019641332,0.481212639,0.530742955,0.088385995,0.087927425,0.535353535,0.11370882,0.803400638,135700,26786,0.012093023
G13005100108071,51,10807,1,0.036571851,0.236424086,0.150720355,0.256741781,0.340598448,0.090136683,0.043985162,2.870722433,0.069640914,0.290533188,188600,27130,0
G13005100108072,51,10807,2,0,0.277591973,0,0.304347826,0.387959866,0,0,8.333333333,0,0,308900,28222,0.216216216
G13005100108073,51,10807,3,0.098009188,0.226646248,0.026544155,0.394078612,0.430832057,0.102092905,0.056994819,1.567901235,0.122424242,0.722424242,164300,27207,0.131130064
G13005100108081,51,10808,1,0.142076503,0.327608639,0.023419204,0.351808483,0.443924018,0.116575592,0.087419056,1.352941176,0.091666667,0.6125,167200,21804,0.074951954
G13005100108082,51,10808,2,0.095054096,0.389489954,0.017001546,0.183925811,0.627511592,0.482225657,0.65915493,1.52,0.463592233,0.628640777,132200,9323,0.548543689
G13005100108083,51,10808,3,0.027123166,0.137394398,0.038239217,0.513116941,0.557136505,0.195197866,0.18076689,3.104895105,0.165388828,0.293537788,153600,28063,0.262054507
G13005100108084,51,10808,4,0.122938531,0.197901049,0.089355322,0.35982009,0.375412294,0.092353823,0.060671256,0.86919105,0.142975207,0.434710744,136400,26808,0.175832127
G13005100108091,51,10809,1,0.080525535,0.1640178,0.197287561,0.097478279,0.21890231,0.075651621,0.100235849,6.579661017,0.033579966,0.144564599,271400,39449,0.031824963
G13005100108092,51,10809,2,0.075335689,0.306855124,0.033639576,0.479434629,0.504028269,0.042120141,0.052880288,3.311983471,0.07745866,0.439947781,158700,22033,0.102634683
G13005100109011,51,10901,1,0.082733813,0.305241521,0.121274409,0.360739979,0.417266187,0.237923947,0.247181965,1.03125,0.248285322,0.604938272,,16548,0.285057471
G13005100109012,51,10901,2,0.080602883,0.234600262,0.0491481,0.584534731,0.591087811,0.173001311,0.179800222,0.946745562,0.45819398,0.986622074,,14148,0.017964072
G13005100109013,51,10901,3,0.095179234,0.156983931,0.199011125,0.317676143,0.333745365,0.003708282,0.067434211,1.801724138,0.176904177,0.474201474,125800,26412,0
G13005100110031,51,11003,1,0.044564153,0.148383937,0.200783546,0.295298727,0.33006856,0.075416259,0.072818581,2.492307692,0,0.116154873,201200,32441,0
G13005100110032,51,11003,2,0.052866716,0.120625465,0.087862993,0.13179449,0.13179449,0.195085629,0.356205853,1.180451128,0.125874126,0.324009324,137300,22100,0.354085603
G13005100110033,51,11003,3,0.041237113,0.230442693,0.114614918,0,0.016979988,0,0.155129274,1.111111111,0.236397749,0.300187617,159000,20761,0.122241087
G13005100110034,51,11003,4,0.059097978,0.276827372,0.202177294,0.265940902,0.265940902,0.136858476,0.252336449,0.721804511,0.217665615,0.447949527,,23123,0.257831325
G13005100110035,51,11003,5,0,0.191419142,0.159515952,0.02640264,0.053905391,0,0.048476454,3.294117647,0.09178744,0.028985507,357600,33073,0
G13005100110041,51,11004,1,0.061307114,0.245228456,0.199537305,0,0.023713129,0.016194332,0.02207686,11.04938272,0.060331825,0.012066365,423100,59208,0
G13005100110042,51,11004,2,0.025515211,0.168792934,0.213935231,0.028459274,0.065750736,0,0.0625,2.437956204,0.081534772,0.194244604,284500,41586,0
G13005100110043,51,11004,3,0.042328042,0.153439153,0.19973545,0.009259259,0.009259259,0.014550265,0.057391304,6.369565217,0.024316109,0.121580547,289300,39146,0
G13005100110051,51,11005,1,0,0.08625731,0.599415205,0.033625731,0.033625731,0.036549708,0.024,5.093023256,0.040431267,0.067385445,643400,51548,0
G13005100110052,51,11005,2,0.014939309,0.028011204,0.62464986,0.006535948,0.046685341,0,0,15.67346939,0.024,0,470800,67901,0
G13005100110053,51,11005,3,0,0.185986159,0.292387543,0,0,0.023356401,0,4.175572519,0,0,513800,55847,0
G13005100110054,51,11005,4,0.040701315,0.221665623,0.435817157,0.023168441,0.038822793,0.034439574,0,11.06329114,0.020700637,0,621800,56529,0
G13005100110061,51,11006,1,0.012626263,0.05976431,0.668350168,0.003367003,0.012626263,0.021885522,0.007332722,8.813953488,0.023255814,0.151162791,440100,71261,0
G13005100110062,51,11006,2,0.034753827,0.168804303,0.362019032,0.015721969,0.015721969,0.023582954,0.020897044,9.207142857,0.046396841,0.075024679,305700,57787,0.004893964
G13005100111031,51,11103,1,0.029090909,0.32,0.180606061,0,0,0.010909091,0.121621622,2.525641026,0.121771218,0.140221402,345900,26535,0.017621145
G13005100111032,51,11103,2,0,0.049940547,0.329369798,0,0,0,0.05751634,16.6,0.021798365,0.223433243,327800,41832,0
G13005100111033,51,11103,3,0.033374536,0.182941904,0.265760198,0.055624227,0.055624227,0,0.098228663,1.205,0.225,0.253125,358500,27438,0
G13005100111034,51,11103,4,0,0.078431373,0.250544662,0,0.017429194,0,0.032540676,2.885714286,0.020100503,0.527638191,419400,46486,0
G13005100111041,51,11104,1,0.030128205,0.198076923,0.168589744,0.007692308,0.016666667,0,0.070750647,1.702439024,0.095663265,0.539540816,199700,38537,0
G13005100111042,51,11104,2,0.055425449,0.194379391,0.212724434,0.045667447,0.095238095,0.023028884,0.034108527,2.097686375,0.042253521,0.156690141,184700,31341,0
G13005100111043,51,11104,3,0.078947368,0.226076555,0.208133971,0.004784689,0.306220096,0,0.076350093,0.67539267,0.050632911,0.231012658,157500,25305,0
G13005100111061,51,11106,1,0.020408163,0.162880246,0.150943396,0,0.031574894,0.028109357,0.008653326,9.669291339,0.106583072,0.438871473,410500,46856,0
G13005100111062,51,11106,2,0.095089146,0.245542696,0.067250547,0.077259931,0.255864873,0.042852674,0.025936599,1.270866142,0.116727941,0.397058824,235700,27940,0
G13005100111071,51,11107,1,0.046827795,0.30060423,0.114803625,0.028700906,0.028700906,0.090634441,0.047505938,6.564102564,0,0.142857143,300000,34489,0
G13005100111072,51,11107,2,0.011317704,0.080840744,0.288601455,0,0.062247373,0.021827001,0.066413662,1.387434555,0.015734266,0,314500,42290,0
G13005100111073,51,11107,3,0.077446809,0.177021277,0.232340426,0.034893617,0.057021277,0.005957447,0.063474388,1.448598131,0.020491803,0.110655738,216800,28011,0
G13005100111081,51,11108,1,0.060951105,0.21232418,0.148024113,0.029470864,0.029470864,0.018084394,0.003549246,2.773480663,0.026687598,0.098901099,240100,37106,0
G13005100111082,51,11108,2,0.060225017,0.236929186,0.119126406,0.035737922,0.094639312,0.005294507,0,1.170138889,0.028268551,0.160777385,264700,32585,0.010084034
G13005100111091,51,11109,1,0.013065796,0.118525432,0.235650957,0,0.074661689,0.015865609,0.023561644,1.402150538,0.059459459,0.166486486,244900,39343,0.038738739
G13005100111092,51,11109,2,0.023754536,0.295282085,0.091388981,0.035961729,0.126360937,0.052128011,0.035335689,21.61818182,0.047660312,0.370883882,302800,34005,0.012998267
G13005100111093,51,11109,3,0,0.164241164,0.22037422,0,0,0.051975052,0.043301759,4.622222222,0.055825243,0.077669903,274200,55559,0
G13005100111094,51,11109,4,0.080527086,0.171303075,0.187408492,0,0.055636896,0,0,0,0,0.293548387,134500,28082,0
G13005100112001,51,11200,1,0.014270033,0.048298573,0.100987925,0.097694841,0.145993414,0.041712404,0.101941748,3.154639175,0.28125,0.683333333,403200,32218,0.011725293
G13005100112002,51,11200,2,0.054373522,0.107565012,0.157210402,0.06855792,0.088652482,0.06855792,0,8.459459459,0.276243094,0.593922652,541700,43714,0.003868472
G13005100113001,51,11300,1,0.072819644,0.237933954,0.088907705,0.540220152,0.572396274,0.011007621,0.158227848,2.313253012,0.38961039,0.829004329,172200,11654,0.056363636
G13005100113002,51,11300,2,0.044392523,0.168224299,0.102024922,0.402647975,0.442367601,0.035825545,0.148993289,3.420454545,0.456637168,0.844247788,351400,20225,0
G13005100114001,51,11400,1,0,0.00792393,0.149762282,0.485736926,0.505546751,0.0681458,0.28668942,1.822222222,0.253623188,0.735507246,200000,21089,0
G13005100114002,51,11400,2,0,0.012150668,0.208991495,0.387606318,0.387606318,0.019441069,0.153212521,0.798969072,0.462686567,0.850746269,,18082,0.009787928
G13005100115001,51,11500,1,0.035618878,0.17809439,0.17364203,0.144256456,0.144256456,0.018699911,0.006369427,3.516949153,0.115789474,0.16,179400,32644,0
G13005100115002,51,11500,2,0.030633084,0.188563649,0.172226004,0.257998639,0.292716133,0.008849558,0.06097561,1.715517241,0.054673721,0.0335097,194000,33666,0.015306122
G13005100116001,51,11600,1,0.118677043,0.199416342,0.14688716,0.949416342,0.972762646,0,0.279069767,0.536144578,0.041800643,0.591639871,86100,16343,0
G13005100116002,51,11600,2,0.108757062,0.365112994,0.107344633,0.768361582,0.86440678,0.202683616,0.395806029,0.063414634,0.354077253,0.680257511,88200,11168,0