ID,Evacuate,KnowEstab,SLRPers,SSDPers,ARelocate,Aprotect,ANoRecover,PCUnexp,PCAbleMov,PCNoRecov,Age_Cat,Hincome,Education,NotHS,HS,SomeCollege,AssocVoc,Bach,SomeGrad,Grad,Ethnicity,White,Hispanic,Afam,Other,HomeLang,EngOnly,EngPrim,EngSec,EngNot,FldRisk,Gender,Female
16,1,2,1,2,2,0,2,1,1,-2,2,7,5,0,0,0,0,1,0,0,1,1,0,0,0,1,1,0,0,0,4,1,1
163,2,1,0,1,-1,2,-1,2,1,0,3,4,7,0,0,0,0,0,0,1,1,1,0,0,0,1,1,0,0,0,4,1,1
216,3,2,2,-1,0,0,0,0,0,0,3,4,5,0,0,0,0,1,0,0,7,0,0,0,1,1,1,0,0,0,3,2,0
258,2,1,0,1,1,1,0,1,1,-1,3,6,7,0,0,0,0,0,0,1,1,1,0,0,0,1,1,0,0,0,2,1,1
72,3,-1,0,1,-1,-1,0,1,1,0,3,2,2,0,1,0,0,0,0,0,1,1,0,0,0,1,1,0,0,0,3,1,1
178,1,-1,0,1,-1,1,-1,-1,1,1,3,7,7,0,0,0,0,0,0,1,1,1,0,0,0,1,1,0,0,0,3,1,1
62,2,1,-2,1,-2,1,0,1,1,1,2,2,4,0,0,0,1,0,0,0,1,1,0,0,0,1,1,0,0,0,3,1,1
162,3,1,1,2,0,1,-1,1,1,0,4,5,6,0,0,0,0,0,1,0,1,1,0,0,0,1,1,0,0,0,3,1,1
104,2,1,0,2,-2,1,-2,-1,2,-1,2,4,6,0,0,0,0,0,1,0,7,0,0,0,1,1,1,0,0,0,3,1,1
79,2,2,2,0,-2,1,-2,2,2,2,2,5,3,0,0,1,0,0,0,0,1,1,0,0,0,1,1,0,0,0,3,1,1
279,3,0,-2,-2,-2,1,-1,0,1,0,4,5,3,0,0,1,0,0,0,0,1,1,0,0,0,1,1,0,0,0,3,1,1
49,3,-2,0,1,-2,1,-2,-2,2,1,2,3,7,0,0,0,0,0,0,1,1,1,0,0,0,1,1,0,0,0,3,1,1
114,4,-1,0,1,-1,0,1,1,1,1,2,1,4,0,0,0,1,0,0,0,1,1,0,0,0,1,1,0,0,0,3,1,1
186,2,1,0,1,0,0,-1,0,1,1,1,6,2,0,1,0,0,0,0,0,8,0,0,0,1,1,1,0,0,0,3,1,1
207,3,-2,2,1,-1,0,-1,-1,0,1,3,4,3,0,0,1,0,0,0,0,1,1,0,0,0,1,1,0,0,0,3,1,1
292,3,0,0,1,-1,0,-1,0,1,0,4,5,7,0,0,0,0,0,0,1,1,1,0,0,0,1,1,0,0,0,3,2,0
66,2,1,-1,1,0,0,0,1,1,-1,4,3,7,0,0,0,0,0,0,1,1,1,0,0,0,1,1,0,0,0,3,2,0
177,2,-1,0,1,1,1,0,1,1,1,1,3,3,0,0,1,0,0,0,0,1,1,0,0,0,1,1,0,0,0,3,1,1
123,3,-1,1,1,-1,1,-1,1,1,1,3,6,7,0,0,0,0,0,0,1,1,1,0,0,0,1,1,0,0,0,3,1,1
324,1,0,2,-1,-1,1,-1,-1,1,0,2,6,6,0,0,0,0,0,1,0,1,1,0,0,0,2,0,1,0,0,3,1,1
100,3,1,0,1,-1,1,-1,1,2,1,2,4,5,0,0,0,0,1,0,0,1,1,0,0,0,2,0,1,0,0,3,1,1
175,2,-2,-2,-2,-2,-2,-2,-2,-2,-2,2,1,3,0,0,1,0,0,0,0,7,0,0,0,1,2,0,1,0,0,3,1,1
234,1,1,2,-2,0,1,1,-1,1,1,2,5,3,0,0,1,0,0,0,0,1,1,0,0,0,1,1,0,0,0,3,1,1
223,1,1,2,-1,-1,2,-1,1,1,1,3,7,6,0,0,0,0,0,1,0,1,1,0,0,0,1,1,0,0,0,3,1,1
345,1,1,-2,1,-1,1,-2,-1,1,1,3,4,5,0,0,0,0,1,0,0,1,1,0,0,0,1,1,0,0,0,3,2,0
275,3,2,-1,2,-2,1,0,2,2,2,1,4,1,1,0,0,0,0,0,0,1,1,0,0,0,2,0,1,0,0,3,2,0
291,2,-1,0,2,0,-1,1,-1,1,-1,3,7,7,0,0,0,0,0,0,1,1,1,0,0,0,1,1,0,0,0,3,1,1
236,3,-2,0,2,-1,0,1,1,1,-2,2,2,4,0,0,0,1,0,0,0,3,0,0,1,0,1,1,0,0,0,3,1,1
98,2,-1,0,1,-1,1,1,-1,1,-1,3,3,5,0,0,0,0,1,0,0,1,1,0,0,0,2,0,1,0,0,3,1,1
293,2,0,1,2,0,0,1,0,0,-1,4,4,7,0,0,0,0,0,0,1,1,1,0,0,0,1,1,0,0,0,3,2,0
209,3,1,-2,1,-2,-2,-1,0,1,2,4,7,7,0,0,0,0,0,0,1,1,1,0,0,0,1,1,0,0,0,3,2,0
331,4,-1,-2,-2,-2,1,-2,-2,1,0,2,3,3,0,0,1,0,0,0,0,2,0,1,0,0,2,0,1,0,0,3,1,1
358,2,1,0,1,-2,2,-2,0,1,1,4,4,7,0,0,0,0,0,0,1,1,1,0,0,0,1,1,0,0,0,3,2,0
333,2,0,-1,0,-1,-1,-2,-1,2,0,4,4,5,0,0,0,0,1,0,0,1,1,0,0,0,1,1,0,0,0,3,2,0
303,3,1,0,1,0,1,-1,-1,1,1,4,1,3,0,0,1,0,0,0,0,1,1,0,0,0,1,1,0,0,0,3,1,1
161,3,-1,2,-1,0,0,-1,0,1,1,4,4,5,0,0,0,0,1,0,0,1,1,0,0,0,1,1,0,0,0,2,2,0
166,2,0,0,1,-1,-1,0,0,-1,-1,2,2,5,0,0,0,0,1,0,0,3,0,0,1,0,1,1,0,0,0,3,1,1
341,1,-1,-2,0,-1,1,-1,-1,0,1,4,5,5,0,0,0,0,1,0,0,1,1,0,0,0,1,1,0,0,0,2,2,0
350,2,-1,2,1,-2,1,-2,-2,1,1,2,6,7,0,0,0,0,0,0,1,1,1,0,0,0,1,1,0,0,0,2,1,1
115,2,1,2,-1,-1,1,-1,1,1,0,1,5,2,0,1,0,0,0,0,0,1,1,0,0,0,1,1,0,0,0,2,1,1
144,1,2,0,2,0,2,2,1,2,1,2,1,2,0,1,0,0,0,0,0,3,0,0,1,0,1,1,0,0,0,3,2,0
89,1,0,2,1,-2,1,-1,-1,1,1,4,6,5,0,0,0,0,1,0,0,1,1,0,0,0,1,1,0,0,0,3,2,0
31,2,1,-1,0,-2,1,-2,0,2,2,3,3,4,0,0,0,1,0,0,0,1,1,0,0,0,1,1,0,0,0,3,1,1
199,2,-2,0,1,0,0,-1,0,1,1,2,5,5,0,0,0,0,1,0,0,6,0,0,0,1,1,1,0,0,0,3,1,1
315,2,-2,0,1,1,0,-1,-2,2,1,1,1,5,0,0,0,0,1,0,0,1,1,0,0,0,1,1,0,0,0,3,3,0
238,3,1,2,-1,-2,0,-1,-1,1,1,2,6,7,0,0,0,0,0,0,1,1,1,0,0,0,1,1,0,0,0,3,1,1
281,2,0,-1,1,-1,1,0,0,0,1,3,5,5,0,0,0,0,1,0,0,1,1,0,0,0,1,1,0,0,0,2,2,0
94,2,1,1,2,0,1,1,1,0,1,2,4,3,0,0,1,0,0,0,0,1,1,0,0,0,1,1,0,0,0,3,1,1
112,2,1,-2,2,-1,1,-1,0,1,1,3,3,4,0,0,0,1,0,0,0,1,1,0,0,0,1,1,0,0,0,3,1,1
255,2,0,-1,2,-1,0,0,-1,2,-1,3,3,6,0,0,0,0,0,1,0,1,1,0,0,0,1,1,0,0,0,3,1,1
61,3,2,1,2,1,2,-1,2,2,2,2,6,5,0,0,0,0,1,0,0,8,0,0,0,1,1,1,0,0,0,3,2,0
332,1,-1,0,1,-2,1,1,0,0,-1,3,2,4,0,0,0,1,0,0,0,1,1,0,0,0,1,1,0,0,0,2,1,1
154,1,1,2,-1,-2,2,-1,-1,-1,2,3,4,3,0,0,1,0,0,0,0,1,1,0,0,0,1,1,0,0,0,3,1,1
268,3,0,1,2,-1,1,-1,0,2,1,3,7,5,0,0,0,0,1,0,0,1,1,0,0,0,1,1,0,0,0,3,2,0
305,2,-2,1,1,-1,0,0,-1,1,0,2,3,3,0,0,1,0,0,0,0,2,0,1,0,0,2,0,1,0,0,3,2,0
55,2,1,0,1,-2,1,-1,0,0,1,2,3,6,0,0,0,0,0,1,0,8,0,0,0,1,2,0,1,0,0,2,1,1
128,3,1,0,1,-2,2,2,-2,2,-2,1,4,3,0,0,1,0,0,0,0,1,1,0,0,0,1,1,0,0,0,2,1,1
30,4,1,0,1,-1,1,-1,1,1,1,2,7,7,0,0,0,0,0,0,1,1,1,0,0,0,1,1,0,0,0,1,1,1
197,2,-2,2,0,-2,0,-1,1,-1,1,1,1,2,0,1,0,0,0,0,0,3,0,0,1,0,1,1,0,0,0,2,1,1
357,1,1,0,1,0,0,1,-1,1,-1,4,6,5,0,0,0,0,1,0,0,1,1,0,0,0,1,1,0,0,0,1,1,1
1,3,0,1,1,1,0,1,-1,2,0,2,6,5,0,0,0,0,1,0,0,1,1,0,0,0,1,1,0,0,0,1,1,1
63,2,-2,-2,-2,-2,-1,1,-2,2,2,2,2,5,0,0,0,0,1,0,0,3,0,0,1,0,1,1,0,0,0,1,1,1
2,1,1,0,2,2,0,0,1,1,2,3,1,1,1,0,0,0,0,0,0,3,0,0,1,0,1,1,0,0,0,3,1,1
57,1,1,1,1,0,1,0,1,1,2,3,1,1,1,0,0,0,0,0,0,3,0,0,1,0,1,1,0,0,0,3,1,1
146,2,0,-1,2,2,0,1,1,0,0,2,2,2,0,1,0,0,0,0,0,3,0,0,1,0,1,1,0,0,0,3,1,1
351,3,1,0,1,1,1,2,1,1,1,1,2,7,0,0,0,0,0,0,1,3,0,0,1,0,1,1,0,0,0,3,1,1
241,2,0,-2,1,-1,1,-1,-2,1,1,2,5,7,0,0,0,0,0,0,1,1,1,0,0,0,1,1,0,0,0,1,1,1
311,2,-2,0,1,0,0,0,1,2,0,1,2,3,0,0,1,0,0,0,0,8,0,0,0,1,2,0,1,0,0,2,1,1
205,3,0,0,2,1,1,0,0,1,0,2,6,7,0,0,0,0,0,0,1,1,1,0,0,0,1,1,0,0,0,2,1,1
160,3,0,-1,0,-1,1,0,0,0,-1,3,5,7,0,0,0,0,0,0,1,8,0,0,0,1,3,0,0,1,0,3,2,0
224,1,1,1,2,-1,1,-1,1,-1,-1,2,4,4,0,0,0,1,0,0,0,1,1,0,0,0,1,1,0,0,0,1,1,1
316,3,1,0,2,1,0,1,2,-1,2,2,3,3,0,0,1,0,0,0,0,1,1,0,0,0,1,1,0,0,0,3,1,1
131,3,-1,0,1,-1,0,-1,1,0,1,2,4,3,0,0,1,0,0,0,0,1,1,0,0,0,1,1,0,0,0,2,1,1
147,1,0,0,1,0,0,0,0,1,0,4,7,5,0,0,0,0,1,0,0,1,1,0,0,0,1,1,0,0,0,3,1,1
171,2,0,-1,1,-2,1,0,-1,1,-1,2,5,5,0,0,0,0,1,0,0,1,1,0,0,0,1,1,0,0,0,3,2,0
135,2,1,-1,-1,-2,2,-2,-1,1,1,2,4,5,0,0,0,0,1,0,0,1,1,0,0,0,1,1,0,0,0,2,1,1
5,3,1,0,1,-1,1,2,0,-1,-2,3,3,3,0,0,1,0,0,0,0,1,1,0,0,0,1,1,0,0,0,2,1,1
106,2,1,2,1,0,0,2,-1,0,0,2,5,5,0,0,0,0,1,0,0,1,1,0,0,0,1,1,0,0,0,2,1,1
3,3,0,0,2,2,2,2,0,-1,-2,3,1,3,0,0,1,0,0,0,0,3,0,0,1,0,1,1,0,0,0,3,1,1
105,2,-1,2,-1,-1,0,0,1,0,1,2,6,1,1,0,0,0,0,0,0,3,0,0,1,0,1,1,0,0,0,1,2,0
58,2,-2,1,2,0,-1,-2,0,2,2,2,4,5,0,0,0,0,1,0,0,1,1,0,0,0,1,1,0,0,0,2,2,0
181,2,-1,0,1,1,-1,-1,-1,1,1,2,3,3,0,0,1,0,0,0,0,1,1,0,0,0,1,1,0,0,0,2,1,1
244,2,0,0,1,0,1,-1,-1,1,0,2,4,3,0,0,1,0,0,0,0,1,1,0,0,0,1,1,0,0,0,2,1,1
340,3,-2,0,1,-1,0,-1,-1,1,0,3,3,5,0,0,0,0,1,0,0,1,1,0,0,0,1,1,0,0,0,2,1,1
124,3,-1,0,2,1,1,-2,1,1,-1,1,1,3,0,0,1,0,0,0,0,3,0,0,1,0,2,0,1,0,0,2,1,1
84,1,1,-2,1,-2,-2,-2,0,1,1,3,5,5,0,0,0,0,1,0,0,1,1,0,0,0,1,1,0,0,0,1,1,1
54,2,1,1,2,-1,2,-1,-1,2,2,2,4,5,0,0,0,0,1,0,0,1,1,0,0,0,1,1,0,0,0,3,1,1
73,3,2,0,1,-1,1,-1,0,1,1,3,3,5,0,0,0,0,1,0,0,3,0,0,1,0,1,1,0,0,0,3,1,1
188,2,1,2,-1,0,1,0,1,0,0,4,3,3,0,0,1,0,0,0,0,3,0,0,1,0,1,1,0,0,0,3,1,1
180,3,-1,0,2,1,1,-1,1,0,0,3,3,7,0,0,0,0,0,0,1,3,0,0,1,0,1,1,0,0,0,1,1,1
11,2,0,1,2,0,2,1,0,1,1,2,1,4,0,0,0,1,0,0,0,1,1,0,0,0,1,1,0,0,0,1,1,1
208,1,0,-2,0,-1,0,0,-1,1,1,3,6,7,0,0,0,0,0,0,1,1,1,0,0,0,1,1,0,0,0,2,1,1
256,2,1,0,1,-2,1,-1,-1,1,1,2,7,7,0,0,0,0,0,0,1,1,1,0,0,0,1,1,0,0,0,3,1,1
33,1,-1,-2,-1,-2,2,-1,1,2,0,3,7,3,0,0,1,0,0,0,0,1,1,0,0,0,1,1,0,0,0,1,2,0
231,3,1,0,2,0,0,0,-1,-1,2,1,3,5,0,0,0,0,1,0,0,1,1,0,0,0,1,1,0,0,0,2,1,1
243,2,2,2,2,-1,0,0,-1,-1,2,2,1,1,1,0,0,0,0,0,0,1,1,0,0,0,1,1,0,0,0,2,1,1
225,3,1,2,1,-2,1,-1,0,1,1,2,6,7,0,0,0,0,0,0,1,1,1,0,0,0,1,1,0,0,0,2,2,0
247,1,0,0,0,-2,1,-2,0,0,0,2,2,5,0,0,0,0,1,0,0,3,0,0,1,0,1,1,0,0,0,3,1,1
20,3,0,1,1,0,1,0,1,1,1,2,4,6,0,0,0,0,0,1,0,1,1,0,0,0,1,1,0,0,0,3,2,0
240,2,0,0,1,0,0,1,1,-1,-1,2,1,3,0,0,1,0,0,0,0,1,1,0,0,0,1,1,0,0,0,1,1,1
193,3,1,-1,0,1,1,0,0,2,1,1,2,6,0,0,0,0,0,1,0,1,1,0,0,0,3,0,0,1,0,3,1,1
151,2,-1,0,2,2,0,0,2,2,1,1,3,5,0,0,0,0,1,0,0,1,1,0,0,0,1,1,0,0,0,1,2,0
9,1,2,0,1,0,2,-2,-2,2,1,4,2,2,0,1,0,0,0,0,0,1,1,0,0,0,1,1,0,0,0,2,2,0
237,2,0,1,2,1,-1,-1,-1,1,0,2,4,5,0,0,0,0,1,0,0,1,1,0,0,0,1,1,0,0,0,2,2,0
185,1,2,0,2,-1,0,2,2,-2,-1,2,2,3,0,0,1,0,0,0,0,1,1,0,0,0,1,1,0,0,0,3,1,1
306,2,1,2,1,-2,1,-1,1,1,1,3,4,7,0,0,0,0,0,0,1,1,1,0,0,0,1,1,0,0,0,2,1,1
150,1,1,-2,-1,-1,1,-1,-2,1,0,2,1,2,0,1,0,0,0,0,0,1,1,0,0,0,1,1,0,0,0,1,1,1
342,1,1,2,1,-1,1,0,1,0,1,2,2,1,1,0,0,0,0,0,0,1,1,0,0,0,1,1,0,0,0,1,2,0
288,1,1,-2,1,1,1,1,1,1,1,3,2,3,0,0,1,0,0,0,0,1,1,0,0,0,1,1,0,0,0,1,1,1
142,2,1,0,1,1,1,-1,1,2,-1,1,4,5,0,0,0,0,1,0,0,2,0,1,0,0,3,0,0,1,0,1,1,1
80,1,0,0,2,1,-1,1,1,0,-1,2,1,3,0,0,1,0,0,0,0,1,1,0,0,0,1,1,0,0,0,2,2,0
96,2,1,2,0,0,0,0,0,0,0,2,6,4,0,0,0,1,0,0,0,1,1,0,0,0,1,1,0,0,0,1,1,1
86,1,-2,0,2,2,1,0,-1,1,-1,1,5,5,0,0,0,0,1,0,0,1,1,0,0,0,1,1,0,0,0,1,1,1
38,2,0,0,1,-1,1,-1,1,0,-1,1,1,3,0,0,1,0,0,0,0,1,1,0,0,0,1,1,0,0,0,1,1,1
139,2,2,2,0,-2,2,-2,-1,1,1,2,4,7,0,0,0,0,0,0,1,1,1,0,0,0,1,1,0,0,0,2,1,1
192,1,-2,2,-1,-2,2,0,-1,1,1,2,5,5,0,0,0,0,1,0,0,1,1,0,0,0,1,1,0,0,0,2,1,1
21,1,1,0,2,1,1,1,1,-1,-2,2,4,3,0,0,1,0,0,0,0,1,1,0,0,0,1,1,0,0,0,1,1,1
170,4,-1,-2,1,-2,-1,-1,0,1,1,2,2,2,0,1,0,0,0,0,0,1,1,0,0,0,1,1,0,0,0,1,1,1
226,4,-1,-2,1,-1,1,-1,-1,1,1,2,2,5,0,0,0,0,1,0,0,1,1,0,0,0,1,1,0,0,0,1,1,1
201,2,1,1,2,-1,1,0,0,0,0,3,6,5,0,0,0,0,1,0,0,1,1,0,0,0,1,1,0,0,0,2,1,1
284,1,1,2,1,-2,2,-2,-2,2,1,3,5,4,0,0,0,1,0,0,0,1,1,0,0,0,1,1,0,0,0,1,1,1
15,3,0,0,1,0,1,1,1,0,0,3,2,5,0,0,0,0,1,0,0,3,0,0,1,0,1,1,0,0,0,2,1,1
165,2,2,2,1,-2,1,-1,-1,1,1,3,4,7,0,0,0,0,0,0,1,1,1,0,0,0,1,1,0,0,0,1,1,1
39,1,1,0,1,-1,1,1,1,0,-1,2,4,3,0,0,1,0,0,0,0,1,1,0,0,0,1,1,0,0,0,1,1,1
215,2,1,2,1,-2,2,-2,-2,2,2,4,3,3,0,0,1,0,0,0,0,1,1,0,0,0,1,1,0,0,0,2,1,1
26,3,2,0,2,-1,-2,-1,2,0,1,2,5,5,0,0,0,0,1,0,0,1,1,0,0,0,1,1,0,0,0,2,1,1
245,2,-1,-2,2,-1,1,-1,-1,-1,-1,4,1,3,0,0,1,0,0,0,0,1,1,0,0,0,1,1,0,0,0,1,1,1
85,3,0,2,-1,1,1,-1,-1,1,1,2,3,7,0,0,0,0,0,0,1,1,1,0,0,0,1,1,0,0,0,1,1,1
202,1,0,-1,2,0,0,0,0,0,0,1,2,3,0,0,1,0,0,0,0,6,0,0,0,1,1,1,0,0,0,1,1,1
174,3,-2,-2,1,-1,1,0,-1,-1,-1,3,1,3,0,0,1,0,0,0,0,1,1,0,0,0,1,1,0,0,0,2,1,1
120,2,-2,1,2,2,1,-1,1,-1,0,2,5,3,0,0,1,0,0,0,0,3,0,0,1,0,1,1,0,0,0,1,2,0
214,2,0,2,1,-1,1,-1,-1,1,1,2,6,2,0,1,0,0,0,0,0,1,1,0,0,0,1,1,0,0,0,1,2,0
34,2,-2,0,1,2,1,-1,1,0,0,2,5,3,0,0,1,0,0,0,0,3,0,0,1,0,1,1,0,0,0,1,2,0
198,3,2,0,1,-2,1,0,-2,2,-1,1,4,6,0,0,0,0,0,1,0,1,1,0,0,0,1,1,0,0,0,2,1,1
50,1,-1,0,1,1,1,-1,-1,1,1,2,2,4,0,0,0,1,0,0,0,1,1,0,0,0,1,1,0,0,0,1,2,0
95,1,2,1,2,-2,1,1,1,-1,-2,2,2,4,0,0,0,1,0,0,0,1,1,0,0,0,1,1,0,0,0,1,1,1
93,1,1,1,2,-1,1,-1,-1,1,1,3,6,5,0,0,0,0,1,0,0,1,1,0,0,0,1,1,0,0,0,1,1,1
117,1,2,-1,2,-2,1,0,0,-1,0,2,2,3,0,0,1,0,0,0,0,1,1,0,0,0,1,1,0,0,0,1,1,1
312,3,-2,0,1,2,0,1,0,2,-2,2,1,5,0,0,0,0,1,0,0,1,1,0,0,0,1,1,0,0,0,1,1,1
347,3,1,-1,1,-1,0,-1,1,1,0,2,5,5,0,0,0,0,1,0,0,1,1,0,0,0,1,1,0,0,0,1,2,0
159,3,1,1,2,-2,0,-1,2,1,0,4,1,7,0,0,0,0,0,0,1,1,1,0,0,0,1,1,0,0,0,1,1,1
97,2,0,0,1,0,0,1,0,1,0,1,3,2,0,1,0,0,0,0,0,3,0,0,1,0,1,1,0,0,0,2,2,0
29,2,2,0,1,-1,1,0,-2,0,0,3,3,5,0,0,0,0,1,0,0,3,0,0,1,0,1,1,0,0,0,1,1,1
60,3,1,0,1,-1,2,-1,1,1,0,2,6,5,0,0,0,0,1,0,0,1,1,0,0,0,1,1,0,0,0,1,2,0
74,2,-1,0,2,0,-2,2,-1,2,1,1,1,3,0,0,1,0,0,0,0,3,0,0,1,0,1,1,0,0,0,1,1,1
260,2,-1,-1,0,0,0,1,0,0,0,2,4,2,0,1,0,0,0,0,0,3,0,0,1,0,1,1,0,0,0,1,1,1
173,2,1,-2,-1,-2,2,-2,-2,-1,-1,1,1,4,0,0,0,1,0,0,0,1,1,0,0,0,1,1,0,0,0,1,1,1
290,2,0,-2,1,1,1,1,1,1,0,2,2,3,0,0,1,0,0,0,0,3,0,0,1,0,1,1,0,0,0,1,1,1
102,3,1,0,1,1,1,0,0,1,0,4,3,5,0,0,0,0,1,0,0,3,0,0,1,0,1,1,0,0,0,1,1,1
111,2,-2,2,0,0,1,1,-2,-1,0,3,2,2,0,1,0,0,0,0,0,1,1,0,0,0,1,1,0,0,0,1,1,1
87,4,-2,-2,-2,2,2,2,0,0,0,2,4,3,0,0,1,0,0,0,0,1,1,0,0,0,1,1,0,0,0,1,2,0
23,2,1,-1,1,1,2,1,1,1,2,1,6,5,0,0,0,0,1,0,0,3,0,0,1,0,1,1,0,0,0,1,2,0
322,1,2,-2,-1,-2,1,-2,-1,1,1,3,5,2,0,1,0,0,0,0,0,1,1,0,0,0,1,1,0,0,0,3,2,0
116,1,2,-1,1,-1,2,2,1,-2,-2,2,2,2,0,1,0,0,0,0,0,1,1,0,0,0,1,1,0,0,0,2,1,1
297,1,2,0,1,-1,2,1,1,1,-1,2,1,2,0,1,0,0,0,0,0,3,0,0,1,0,1,1,0,0,0,2,2,0
349,1,1,-2,-2,0,0,0,1,1,1,1,4,3,0,0,1,0,0,0,0,5,0,0,0,1,2,0,1,0,0,1,1,1
313,2,1,0,1,1,0,1,1,2,1,1,7,2,0,1,0,0,0,0,0,1,1,0,0,0,1,1,0,0,0,1,1,1
219,2,-2,0,1,0,0,0,0,0,0,1,7,3,0,0,1,0,0,0,0,2,0,1,0,0,4,0,0,0,1,1,1,1
318,1,1,2,-1,-1,1,-1,1,1,-1,3,2,5,0,0,0,0,1,0,0,1,1,0,0,0,1,1,0,0,0,1,1,1
82,3,-2,2,-1,1,1,1,-1,1,0,1,1,3,0,0,1,0,0,0,0,8,0,0,0,1,1,1,0,0,0,1,1,1
25,4,0,-1,1,-1,-1,-1,1,1,1,1,1,2,0,1,0,0,0,0,0,1,1,0,0,0,1,1,0,0,0,1,1,1
267,3,1,-1,1,0,1,-1,-1,0,1,3,7,7,0,0,0,0,0,0,1,1,1,0,0,0,2,0,1,0,0,1,1,1
18,1,2,-1,2,-2,2,-2,-2,-1,2,2,4,4,0,0,0,1,0,0,0,1,1,0,0,0,1,1,0,0,0,1,1,1
280,2,-2,-1,1,0,1,-2,1,2,-2,3,4,5,0,0,0,0,1,0,0,1,1,0,0,0,1,1,0,0,0,2,1,1
230,2,-1,0,1,0,1,0,0,0,0,2,3,2,0,1,0,0,0,0,0,3,0,0,1,0,1,1,0,0,0,1,2,0
118,1,1,0,1,1,1,1,0,1,1,2,5,5,0,0,0,0,1,0,0,3,0,0,1,0,1,1,0,0,0,1,1,1
48,2,-2,-1,1,2,1,0,0,0,1,2,1,4,0,0,0,1,0,0,0,3,0,0,1,0,1,1,0,0,0,1,1,1
59,3,1,0,0,0,1,-1,1,1,0,3,3,4,0,0,0,1,0,0,0,1,1,0,0,0,2,0,1,0,0,3,1,1
133,3,-2,-2,-2,-1,-1,0,0,0,0,2,2,2,0,1,0,0,0,0,0,1,1,0,0,0,1,1,0,0,0,2,2,0
141,2,1,0,1,1,1,-1,2,1,1,3,1,3,0,0,1,0,0,0,0,3,0,0,1,0,1,1,0,0,0,1,1,1
65,2,2,1,2,-1,1,1,1,-2,-1,2,1,2,0,1,0,0,0,0,0,1,1,0,0,0,1,1,0,0,0,1,1,1
32,3,1,-1,0,-2,0,-1,1,0,0,2,2,4,0,0,0,1,0,0,0,1,1,0,0,0,1,1,0,0,0,1,1,1
76,1,0,-2,-2,1,-1,-1,2,2,2,1,3,2,0,1,0,0,0,0,0,1,1,0,0,0,1,1,0,0,0,1,1,1
249,3,0,0,2,1,0,1,0,1,-1,2,2,3,0,0,1,0,0,0,0,1,1,0,0,0,1,1,0,0,0,1,2,0
259,1,-2,1,2,2,1,-2,1,1,-2,1,2,2,0,1,0,0,0,0,0,1,1,0,0,0,1,1,0,0,0,1,1,1
327,1,1,-2,1,1,1,-1,-1,1,0,2,7,5,0,0,0,0,1,0,0,1,1,0,0,0,1,1,0,0,0,1,2,0
227,2,2,0,1,-1,1,1,0,1,-1,2,6,5,0,0,0,0,1,0,0,1,1,0,0,0,1,1,0,0,0,3,1,1
261,1,0,1,2,-1,1,1,1,0,0,3,3,3,0,0,1,0,0,0,0,1,1,0,0,0,1,1,0,0,0,1,1,1
229,4,0,2,1,0,0,2,0,1,0,3,4,3,0,0,1,0,0,0,0,1,1,0,0,0,1,1,0,0,0,1,2,0
138,2,-1,1,2,0,1,-1,1,0,-1,4,4,7,0,0,0,0,0,0,1,3,0,0,1,0,1,1,0,0,0,1,1,1
44,3,1,2,2,2,0,2,1,-1,-2,1,1,1,1,0,0,0,0,0,0,3,0,0,1,0,2,0,1,0,0,1,1,1
359,2,-2,-2,2,2,-2,0,-1,-1,-2,2,1,3,0,0,1,0,0,0,0,1,1,0,0,0,1,1,0,0,0,2,1,1
140,2,1,0,1,0,0,1,1,1,0,3,3,4,0,0,0,1,0,0,0,3,0,0,1,0,1,1,0,0,0,1,1,1
107,1,0,0,1,-1,1,-1,-1,1,1,3,5,7,0,0,0,0,0,0,1,3,0,0,1,0,1,1,0,0,0,1,2,0
212,1,0,1,0,2,-1,-2,-2,2,2,1,1,3,0,0,1,0,0,0,0,1,1,0,0,0,1,1,0,0,0,1,1,1
210,2,2,2,0,-2,1,-1,0,1,0,1,2,3,0,0,1,0,0,0,0,1,1,0,0,0,1,1,0,0,0,1,1,1
183,1,-1,0,1,-2,1,-1,-1,1,1,1,3,5,0,0,0,0,1,0,0,1,1,0,0,0,1,1,0,0,0,1,1,1
300,2,-1,-1,1,-1,-2,-2,0,1,0,3,5,5,0,0,0,0,1,0,0,3,0,0,1,0,1,1,0,0,0,1,1,1
125,1,0,0,2,0,1,-1,1,1,0,3,2,5,0,0,0,0,1,0,0,1,1,0,0,0,1,1,0,0,0,3,2,0
191,1,2,-1,0,-1,-2,-1,2,1,0,2,1,4,0,0,0,1,0,0,0,1,1,0,0,0,1,1,0,0,0,1,1,1
40,2,-1,1,2,2,-2,1,1,1,-1,3,4,4,0,0,0,1,0,0,0,3,0,0,1,0,1,1,0,0,0,1,1,1
307,2,-1,-2,1,0,1,-1,0,1,1,2,3,5,0,0,0,0,1,0,0,1,1,0,0,0,1,1,0,0,0,1,1,1
266,4,1,1,2,0,1,0,2,1,0,2,2,2,0,1,0,0,0,0,0,1,1,0,0,0,1,1,0,0,0,1,2,0
277,2,-1,0,2,-1,1,0,-2,1,0,1,2,4,0,0,0,1,0,0,0,2,0,1,0,0,2,0,1,0,0,1,1,1
308,2,1,0,1,-1,1,-1,0,1,0,2,2,3,0,0,1,0,0,0,0,1,1,0,0,0,2,0,1,0,0,1,1,1
334,2,0,0,1,-1,0,0,1,0,0,1,2,2,0,1,0,0,0,0,0,3,0,0,1,0,1,1,0,0,0,1,2,0
336,1,0,2,-2,-1,1,-1,1,1,0,2,1,4,0,0,0,1,0,0,0,1,1,0,0,0,1,1,0,0,0,1,1,1
71,1,-2,-1,-2,1,-1,1,1,-2,-2,1,2,2,0,1,0,0,0,0,0,1,1,0,0,0,1,1,0,0,0,1,2,0
321,3,0,0,1,0,2,-1,-1,1,1,2,2,4,0,0,0,1,0,0,0,1,1,0,0,0,1,1,0,0,0,1,2,0
278,1,-2,-1,0,-2,2,0,0,2,2,3,6,5,0,0,0,0,1,0,0,3,0,0,1,0,1,1,0,0,0,1,2,0
217,2,-1,1,2,0,0,-1,-1,1,0,2,1,4,0,0,0,1,0,0,0,1,1,0,0,0,1,1,0,0,0,1,1,1
265,1,-2,-1,0,-2,-2,-2,-2,-2,-2,4,1,3,0,0,1,0,0,0,0,8,0,0,0,1,2,0,1,0,0,1,3,0
91,1,0,-1,0,0,0,0,1,0,0,4,2,2,0,1,0,0,0,0,0,3,0,0,1,0,1,1,0,0,0,1,1,1
200,2,1,0,1,0,1,0,2,0,0,1,1,3,0,0,1,0,0,0,0,3,0,0,1,0,1,1,0,0,0,1,1,1
8,2,0,-1,0,0,0,0,0,0,0,2,4,4,0,0,0,1,0,0,0,3,0,0,1,0,1,1,0,0,0,1,2,0
108,1,0,0,1,0,1,1,1,1,-1,2,2,4,0,0,0,1,0,0,0,2,0,1,0,0,1,1,0,0,0,1,2,0
152,3,1,-2,-2,-2,1,-2,-2,1,2,2,3,3,0,0,1,0,0,0,0,1,1,0,0,0,1,1,0,0,0,1,2,0
145,3,-1,0,2,1,-1,0,0,2,1,2,2,4,0,0,0,1,0,0,0,3,0,0,1,0,2,0,1,0,0,1,2,0
83,3,1,1,2,-1,1,-1,0,1,1,2,4,5,0,0,0,0,1,0,0,3,0,0,1,0,1,1,0,0,0,1,1,1
184,1,1,-2,-2,-2,0,0,0,0,0,2,5,3,0,0,1,0,0,0,0,1,1,0,0,0,1,1,0,0,0,1,1,1
211,1,-1,2,0,-1,1,0,-1,1,1,4,3,5,0,0,0,0,1,0,0,1,1,0,0,0,1,1,0,0,0,1,1,1
335,1,1,-1,0,0,0,1,0,0,0,2,1,3,0,0,1,0,0,0,0,1,1,0,0,0,1,1,0,0,0,1,1,1
127,2,1,-2,-2,0,0,0,0,0,0,2,5,3,0,0,1,0,0,0,0,1,1,0,0,0,1,1,0,0,0,1,1,1
122,2,1,0,1,2,1,-1,2,1,0,1,4,2,0,1,0,0,0,0,0,3,0,0,1,0,1,1,0,0,0,1,1,1
158,2,-2,2,0,1,1,1,-1,0,0,2,4,4,0,0,0,1,0,0,0,1,1,0,0,0,1,1,0,0,0,1,1,1
70,1,-1,-1,0,1,1,1,-1,-1,-1,2,4,5,0,0,0,0,1,0,0,1,1,0,0,0,2,0,1,0,0,1,1,1
12,3,-2,-1,0,-1,1,0,-2,1,0,3,1,1,1,0,0,0,0,0,0,1,1,0,0,0,1,1,0,0,0,1,1,1
329,3,-1,-2,0,0,1,-1,-1,1,1,2,6,3,0,0,1,0,0,0,0,1,1,0,0,0,1,1,0,0,0,1,2,0
28,1,1,0,1,-2,2,1,-1,-2,-1,2,3,4,0,0,0,1,0,0,0,3,0,0,1,0,1,1,0,0,0,1,2,0
344,2,1,-1,1,0,0,-1,1,1,-1,2,5,3,0,0,1,0,0,0,0,3,0,0,1,0,1,1,0,0,0,1,1,1
119,2,2,2,-1,-1,-1,-1,-1,1,1,2,3,4,0,0,0,1,0,0,0,1,1,0,0,0,1,1,0,0,0,1,1,1
51,2,1,0,1,1,1,1,1,1,1,2,1,2,0,1,0,0,0,0,0,1,1,0,0,0,1,1,0,0,0,1,2,0
301,2,0,0,2,1,1,-2,1,1,0,1,2,4,0,0,0,1,0,0,0,8,0,0,0,1,2,0,1,0,0,1,1,1
220,3,0,1,2,2,1,2,0,0,0,3,4,2,0,1,0,0,0,0,0,1,1,0,0,0,1,1,0,0,0,1,1,1
137,1,-2,0,0,-1,1,-1,-1,0,0,2,1,6,0,0,0,0,0,1,0,1,1,0,0,0,1,1,0,0,0,1,2,0
348,4,2,0,1,-1,1,-1,1,1,1,4,4,5,0,0,0,0,1,0,0,1,1,0,0,0,1,1,0,0,0,2,2,0
157,2,0,0,2,1,-1,1,1,2,0,2,2,3,0,0,1,0,0,0,0,2,0,1,0,0,2,0,1,0,0,1,2,0
203,3,-1,0,2,-1,1,1,1,1,-1,3,4,7,0,0,0,0,0,0,1,1,1,0,0,0,1,1,0,0,0,1,1,1
274,1,1,-1,0,0,0,-1,-1,1,1,3,5,4,0,0,0,1,0,0,0,1,1,0,0,0,2,0,1,0,0,3,1,1
273,1,0,-1,1,-1,0,-1,-1,1,0,3,4,4,0,0,0,1,0,0,0,1,1,0,0,0,1,1,0,0,0,1,1,1
285,2,-1,-1,1,1,1,-1,1,-2,-2,2,4,4,0,0,0,1,0,0,0,1,1,0,0,0,2,0,1,0,0,1,1,1
47,1,-2,-2,1,-1,1,-2,-1,1,1,2,7,5,0,0,0,0,1,0,0,1,1,0,0,0,1,1,0,0,0,3,1,1
262,1,0,-2,-2,-2,2,-2,-1,1,1,4,3,3,0,0,1,0,0,0,0,1,1,0,0,0,1,1,0,0,0,1,1,1
14,2,-1,2,-1,-2,2,-1,-1,1,2,3,3,3,0,0,1,0,0,0,0,1,1,0,0,0,1,1,0,0,0,2,2,0
46,1,-2,0,1,-1,1,1,-1,0,-1,1,3,2,0,1,0,0,0,0,0,1,1,0,0,0,1,1,0,0,0,1,1,1
352,1,-1,-2,1,-1,-1,2,1,1,-1,3,3,7,0,0,0,0,0,0,1,1,1,0,0,0,1,1,0,0,0,1,1,1
92,2,1,0,2,1,2,-2,-2,2,2,2,4,7,0,0,0,0,0,0,1,1,1,0,0,0,2,0,1,0,0,1,1,1
289,1,1,0,2,0,0,2,1,-1,-2,2,4,3,0,0,1,0,0,0,0,1,1,0,0,0,1,1,0,0,0,1,1,1
232,2,0,-2,1,-2,2,-1,-1,1,1,3,5,4,0,0,0,1,0,0,0,1,1,0,0,0,1,1,0,0,0,2,1,1
148,2,0,-1,0,0,-2,0,0,0,0,3,1,1,1,0,0,0,0,0,0,3,0,0,1,0,1,1,0,0,0,1,1,1
45,1,-2,2,1,-1,2,0,1,0,1,3,6,5,0,0,0,0,1,0,0,3,0,0,1,0,1,1,0,0,0,1,1,1
129,2,-2,1,1,2,-1,0,-1,0,0,2,6,4,0,0,0,1,0,0,0,1,1,0,0,0,1,1,0,0,0,1,1,1
41,1,1,-1,1,-1,1,-1,0,1,1,2,2,4,0,0,0,1,0,0,0,1,1,0,0,0,1,1,0,0,0,3,2,0
196,2,1,-2,-2,2,1,1,0,-1,-2,2,4,6,0,0,0,0,0,1,0,3,0,0,1,0,1,1,0,0,0,1,1,1
319,2,-2,-1,0,1,0,-1,0,1,-1,3,5,3,0,0,1,0,0,0,0,3,0,0,1,0,1,1,0,0,0,1,1,1
36,1,0,2,-1,0,1,1,-1,1,1,4,6,7,0,0,0,0,0,0,1,3,0,0,1,0,1,1,0,0,0,1,2,0
103,2,-1,-1,1,1,0,-1,-1,1,1,2,5,5,0,0,0,0,1,0,0,1,1,0,0,0,1,1,0,0,0,1,1,1
228,1,-2,-2,1,-1,1,1,-2,-1,-2,2,4,5,0,0,0,0,1,0,0,1,1,0,0,0,2,0,1,0,0,1,2,0
77,4,-1,1,2,-2,2,-1,1,-1,1,2,2,2,0,1,0,0,0,0,0,3,0,0,1,0,1,1,0,0,0,1,2,0
132,1,0,2,1,-2,1,-1,1,2,2,2,4,4,0,0,0,1,0,0,0,1,1,0,0,0,1,1,0,0,0,1,2,0
27,3,0,0,2,0,0,0,1,1,1,3,2,3,0,0,1,0,0,0,0,7,0,0,0,1,1,1,0,0,0,1,1,1
248,2,0,1,2,0,1,0,1,1,0,2,5,4,0,0,0,1,0,0,0,3,0,0,1,0,1,1,0,0,0,3,1,1
78,2,0,0,1,1,0,0,1,1,0,3,1,3,0,0,1,0,0,0,0,1,1,0,0,0,1,1,0,0,0,1,1,1
69,1,2,-2,1,-2,1,0,0,0,0,3,1,3,0,0,1,0,0,0,0,1,1,0,0,0,1,1,0,0,0,1,1,1
206,1,1,-1,1,-2,1,-2,-1,2,1,2,4,5,0,0,0,0,1,0,0,1,1,0,0,0,1,1,0,0,0,1,1,1
343,2,0,-1,0,1,0,1,1,1,1,2,2,2,0,1,0,0,0,0,0,3,0,0,1,0,1,1,0,0,0,1,1,1
67,2,0,-1,1,0,-2,2,-1,-2,-2,1,2,3,0,0,1,0,0,0,0,1,1,0,0,0,1,1,0,0,0,1,1,1
164,4,-2,0,2,0,1,0,1,1,1,2,3,7,0,0,0,0,0,0,1,1,1,0,0,0,1,1,0,0,0,1,1,1
353,1,1,0,2,0,1,1,1,1,1,4,4,2,0,1,0,0,0,0,0,1,1,0,0,0,1,1,0,0,0,1,2,0
326,3,2,1,2,0,2,0,2,-1,-2,3,1,4,0,0,0,1,0,0,0,3,0,0,1,0,1,1,0,0,0,1,1,1
320,2,1,0,0,-1,1,-1,-1,1,2,4,7,4,0,0,0,1,0,0,0,3,0,0,1,0,1,1,0,0,0,1,1,1
250,2,0,0,1,-1,1,0,1,1,1,1,1,3,0,0,1,0,0,0,0,1,1,0,0,0,1,1,0,0,0,1,1,1
309,4,-1,-2,-1,0,-1,1,2,1,-1,2,2,2,0,1,0,0,0,0,0,8,0,0,0,1,3,0,0,1,0,1,2,0
43,2,0,0,1,-2,2,-2,-2,2,2,1,1,3,0,0,1,0,0,0,0,3,0,0,1,0,1,1,0,0,0,1,1,1
172,4,-2,-2,-2,-2,-2,-2,-2,-2,-2,1,2,3,0,0,1,0,0,0,0,3,0,0,1,0,1,1,0,0,0,1,2,0
246,2,0,0,1,-1,0,-2,1,2,-2,1,1,2,0,1,0,0,0,0,0,3,0,0,1,0,1,1,0,0,0,1,1,1
176,2,0,-1,1,0,0,1,0,0,0,2,4,5,0,0,0,0,1,0,0,1,1,0,0,0,1,1,0,0,0,1,1,1
254,1,-1,0,0,2,-1,-1,-1,1,0,1,4,3,0,0,1,0,0,0,0,1,1,0,0,0,1,1,0,0,0,1,1,1
338,2,-1,2,2,-1,1,-1,-1,1,0,3,2,3,0,0,1,0,0,0,0,1,1,0,0,0,1,1,0,0,0,1,1,1
13,1,-1,-1,1,0,1,1,2,1,-1,2,4,3,0,0,1,0,0,0,0,3,0,0,1,0,1,1,0,0,0,1,1,1
355,3,-1,-2,2,-1,1,-1,1,2,-1,2,2,2,0,1,0,0,0,0,0,3,0,0,1,0,1,1,0,0,0,1,1,1
37,2,-1,0,2,0,1,1,1,1,0,3,4,5,0,0,0,0,1,0,0,7,0,0,0,1,1,1,0,0,0,1,1,1
339,1,-1,-1,-1,1,0,-2,1,2,-1,1,4,2,0,1,0,0,0,0,0,3,0,0,1,0,1,1,0,0,0,1,1,1
81,3,1,0,1,1,-1,0,0,0,1,3,5,5,0,0,0,0,1,0,0,1,1,0,0,0,1,1,0,0,0,1,2,0
167,3,2,0,1,0,0,0,0,0,0,4,2,3,0,0,1,0,0,0,0,1,1,0,0,0,1,1,0,0,0,1,1,1
156,2,0,2,0,0,-1,1,-1,0,2,1,1,2,0,1,0,0,0,0,0,7,0,0,0,1,1,1,0,0,0,1,2,0
271,2,-1,0,2,1,1,1,0,0,0,2,3,3,0,0,1,0,0,0,0,1,1,0,0,0,1,1,0,0,0,1,1,1
99,3,0,-2,-1,0,1,-1,0,0,1,4,1,3,0,0,1,0,0,0,0,1,1,0,0,0,1,1,0,0,0,1,1,1
130,2,-1,0,1,0,1,0,1,1,1,2,1,5,0,0,0,0,1,0,0,8,0,0,0,1,2,0,1,0,0,1,1,1
295,1,1,2,1,-1,1,-1,0,0,0,1,3,5,0,0,0,0,1,0,0,1,1,0,0,0,1,1,0,0,0,1,1,1
218,3,-2,0,2,-1,1,-1,1,1,0,3,7,7,0,0,0,0,0,0,1,1,1,0,0,0,1,1,0,0,0,1,1,1
155,3,1,-1,0,0,0,0,0,1,1,3,1,4,0,0,0,1,0,0,0,1,1,0,0,0,1,1,0,0,0,1,1,1
109,3,-1,2,-1,-1,1,-1,-1,1,1,2,5,5,0,0,0,0,1,0,0,1,1,0,0,0,1,1,0,0,0,1,1,1
53,2,1,0,2,1,1,0,0,1,0,2,6,7,0,0,0,0,0,0,1,1,1,0,0,0,1,1,0,0,0,1,2,0
56,1,-1,-1,1,-1,0,1,-1,0,0,3,3,1,1,0,0,0,0,0,0,1,1,0,0,0,1,1,0,0,0,1,1,1
113,2,1,-1,0,-1,1,0,0,0,0,3,4,2,0,1,0,0,0,0,0,1,1,0,0,0,1,1,0,0,0,1,1,1
222,1,-2,2,1,2,2,2,-1,1,-2,2,2,4,0,0,0,1,0,0,0,1,1,0,0,0,1,1,0,0,0,1,1,1
233,3,0,-1,0,2,2,2,1,1,1,1,1,2,0,1,0,0,0,0,0,3,0,0,1,0,1,1,0,0,0,1,1,1
264,1,-2,-2,-2,-2,1,-2,-1,1,1,3,5,4,0,0,0,1,0,0,0,1,1,0,0,0,2,0,1,0,0,1,2,0
235,2,-1,-1,-1,-1,1,-2,0,1,1,1,3,4,0,0,0,1,0,0,0,2,0,1,0,0,1,1,0,0,0,1,1,1
6,2,1,0,2,0,1,1,2,1,-1,2,2,5,0,0,0,0,1,0,0,1,1,0,0,0,1,1,0,0,0,1,1,1
252,1,1,2,1,-1,2,-1,0,2,0,3,4,2,0,1,0,0,0,0,0,3,0,0,1,0,1,1,0,0,0,1,1,1
314,3,1,0,0,-2,0,0,1,1,0,2,6,7,0,0,0,0,0,0,1,3,0,0,1,0,1,1,0,0,0,1,1,1
24,1,0,-1,1,0,1,-1,-1,1,0,4,5,7,0,0,0,0,0,0,1,1,1,0,0,0,1,1,0,0,0,1,1,1
310,1,0,-1,1,1,1,0,0,1,1,2,5,4,0,0,0,1,0,0,0,3,0,0,1,0,1,1,0,0,0,3,1,1
101,2,1,-2,-2,-2,0,-2,0,2,-1,2,1,3,0,0,1,0,0,0,0,2,0,1,0,0,1,1,0,0,0,1,1,1
304,2,1,0,1,1,-1,-1,0,1,0,1,3,2,0,1,0,0,0,0,0,3,0,0,1,0,1,1,0,0,0,1,2,0
296,1,1,2,1,-1,1,2,-1,-1,-1,1,1,2,0,1,0,0,0,0,0,1,1,0,0,0,1,1,0,0,0,1,1,1
190,2,1,2,0,2,1,1,1,1,1,2,2,2,0,1,0,0,0,0,0,3,0,0,1,0,1,1,0,0,0,1,1,1
187,1,0,-1,0,-1,0,0,0,1,1,2,3,4,0,0,0,1,0,0,0,4,0,0,0,1,2,0,1,0,0,1,1,1
283,2,1,-1,0,-1,1,-1,1,0,1,4,6,3,0,0,1,0,0,0,0,1,1,0,0,0,1,1,0,0,0,1,2,0
169,2,1,1,2,1,2,1,2,0,0,2,2,4,0,0,0,1,0,0,0,3,0,0,1,0,1,1,0,0,0,1,1,1
356,1,0,-1,0,1,0,0,1,1,0,2,1,2,0,1,0,0,0,0,0,1,1,0,0,0,1,1,0,0,0,1,2,0
22,2,0,-2,-2,-2,0,0,0,2,1,2,1,5,0,0,0,0,1,0,0,1,1,0,0,0,1,1,0,0,0,1,1,1
195,4,2,-2,2,1,0,0,-1,0,-1,3,6,3,0,0,1,0,0,0,0,1,1,0,0,0,1,1,0,0,0,1,2,0
134,1,-1,-2,-2,2,2,1,-1,2,2,4,1,5,0,0,0,0,1,0,0,3,0,0,1,0,1,1,0,0,0,1,1,1
143,2,-1,-1,0,0,1,0,0,0,0,2,2,3,0,0,1,0,0,0,0,3,0,0,1,0,1,1,0,0,0,1,1,1
346,1,1,-1,1,1,0,0,0,1,1,4,6,4,0,0,0,1,0,0,0,1,1,0,0,0,1,1,0,0,0,1,2,0
35,2,-1,-1,1,1,1,-1,1,1,1,2,1,2,0,1,0,0,0,0,0,3,0,0,1,0,1,1,0,0,0,1,1,1
121,1,1,0,1,1,1,-1,-1,2,-1,3,1,5,0,0,0,0,1,0,0,1,1,0,0,0,2,0,1,0,0,1,1,1
17,1,2,0,1,-2,1,-1,-1,1,1,3,5,3,0,0,1,0,0,0,0,2,0,1,0,0,1,1,0,0,0,1,2,0
272,1,0,2,-1,0,-2,0,0,0,0,1,4,4,0,0,0,1,0,0,0,1,1,0,0,0,1,1,0,0,0,1,1,1
126,4,0,-1,-1,0,1,0,0,0,0,1,1,3,0,0,1,0,0,0,0,3,0,0,1,0,2,0,1,0,0,1,1,1
182,2,-1,-2,1,1,-1,-1,-1,1,0,1,1,3,0,0,1,0,0,0,0,3,0,0,1,0,1,1,0,0,0,1,1,1
302,3,0,-1,1,-1,-1,-1,1,1,1,1,1,2,0,1,0,0,0,0,0,3,0,0,1,0,1,1,0,0,0,1,2,0
52,3,1,0,2,-1,-1,-1,-1,1,1,1,1,2,0,1,0,0,0,0,0,1,1,0,0,0,1,1,0,0,0,1,1,1
136,4,-2,0,1,-2,-2,-2,-2,-2,-2,1,2,2,0,1,0,0,0,0,0,3,0,0,1,0,1,1,0,0,0,1,1,1
110,2,-2,1,1,2,2,0,2,-2,-2,2,1,4,0,0,0,1,0,0,0,7,0,0,0,1,2,0,1,0,0,1,1,1
299,2,1,-1,0,0,1,1,0,-1,0,1,7,7,0,0,0,0,0,0,1,3,0,0,1,0,1,1,0,0,0,1,1,1
323,2,-2,-1,0,0,1,2,0,-2,-2,2,1,5,0,0,0,0,1,0,0,1,1,0,0,0,1,1,0,0,0,1,2,0
204,3,-2,0,1,-2,2,-2,-2,-2,2,3,4,1,1,0,0,0,0,0,0,3,0,0,1,0,1,1,0,0,0,1,2,0
270,3,0,1,2,0,0,1,0,1,0,2,2,3,0,0,1,0,0,0,0,3,0,0,1,0,1,1,0,0,0,1,1,1
68,2,-1,0,1,-2,0,-1,-1,1,1,2,5,5,0,0,0,0,1,0,0,1,1,0,0,0,1,1,0,0,0,1,1,1
239,1,1,0,1,-2,-2,0,1,0,0,3,1,3,0,0,1,0,0,0,0,1,1,0,0,0,1,1,0,0,0,1,1,1
4,1,0,-1,0,0,-1,1,1,0,-1,2,1,2,0,1,0,0,0,0,0,1,1,0,0,0,1,1,0,0,0,1,1,1
325,2,-1,-1,1,0,-1,-1,1,1,0,3,4,7,0,0,0,0,0,0,1,1,1,0,0,0,1,1,0,0,0,1,1,1
7,2,0,2,0,-1,0,0,0,1,0,2,2,6,0,0,0,0,0,1,0,1,1,0,0,0,1,1,0,0,0,1,2,0
88,1,1,1,2,1,0,2,2,-1,-2,2,1,2,0,1,0,0,0,0,0,1,1,0,0,0,1,1,0,0,0,1,1,1
282,2,0,-2,-2,0,0,0,0,0,0,1,4,1,1,0,0,0,0,0,0,1,1,0,0,0,1,1,0,0,0,1,2,0
298,3,-2,-2,-1,1,1,-2,0,2,0,1,1,3,0,0,1,0,0,0,0,7,0,0,0,1,1,1,0,0,0,1,1,1
189,3,-1,0,1,-1,-1,2,-2,1,-1,2,6,3,0,0,1,0,0,0,0,3,0,0,1,0,1,1,0,0,0,1,2,0
263,1,0,0,1,0,1,0,-1,1,0,2,1,3,0,0,1,0,0,0,0,3,0,0,1,0,1,1,0,0,0,1,1,1
253,3,-1,0,2,0,1,1,1,1,0,2,6,6,0,0,0,0,0,1,0,7,0,0,0,1,1,1,0,0,0,1,1,1
257,1,1,0,1,-1,1,-1,-1,-1,-1,3,5,3,0,0,1,0,0,0,0,1,1,0,0,0,1,1,0,0,0,1,1,1
317,1,-1,1,2,2,2,2,2,1,1,2,1,3,0,0,1,0,0,0,0,7,0,0,0,1,2,0,1,0,0,1,1,1
213,3,-2,0,1,-1,0,1,0,1,1,1,1,3,0,0,1,0,0,0,0,1,1,0,0,0,2,0,1,0,0,1,1,1
64,2,-2,0,1,2,0,1,-1,2,1,2,1,4,0,0,0,1,0,0,0,3,0,0,1,0,1,1,0,0,0,1,1,1
286,1,2,0,1,-2,1,-2,-1,1,1,4,5,4,0,0,0,1,0,0,0,1,1,0,0,0,1,1,0,0,0,1,2,0
287,2,-1,0,1,1,1,-1,0,-1,0,2,3,5,0,0,0,0,1,0,0,3,0,0,1,0,1,1,0,0,0,1,1,1
19,3,-2,1,1,0,0,0,1,0,-1,1,1,2,0,1,0,0,0,0,0,2,0,1,0,0,2,0,1,0,0,1,1,1
242,3,-1,1,1,1,-1,-1,2,1,1,3,1,3,0,0,1,0,0,0,0,7,0,0,0,1,2,0,1,0,0,1,1,1
269,2,-1,-1,-1,0,0,0,-1,1,0,2,3,5,0,0,0,0,1,0,0,1,1,0,0,0,1,1,0,0,0,1,1,1
179,2,-2,2,-1,-1,1,-1,-1,1,1,1,1,1,1,0,0,0,0,0,0,1,1,0,0,0,1,1,0,0,0,1,1,1
251,3,1,-1,0,1,0,1,0,0,0,1,3,3,0,0,1,0,0,0,0,1,1,0,0,0,1,1,0,0,0,1,2,0
328,1,0,-2,-2,-2,1,-2,-2,2,1,3,4,5,0,0,0,0,1,0,0,1,1,0,0,0,1,1,0,0,0,1,2,0
10,1,-1,2,1,-1,1,1,-1,1,-1,2,3,3,0,0,1,0,0,0,0,1,1,0,0,0,1,1,0,0,0,1,1,1
194,1,-1,1,2,-1,1,1,1,1,0,4,2,5,0,0,0,0,1,0,0,1,1,0,0,0,1,1,0,0,0,1,2,0
90,1,0,0,1,0,0,1,1,1,-1,4,7,7,0,0,0,0,0,0,1,1,1,0,0,0,1,1,0,0,0,1,2,0
168,4,-1,0,-1,-2,-1,-1,-1,1,1,2,1,2,0,1,0,0,0,0,0,3,0,0,1,0,1,1,0,0,0,1,1,1
276,3,-1,2,1,-1,1,0,0,1,1,1,1,3,0,0,1,0,0,0,0,1,1,0,0,0,1,1,0,0,0,1,1,1
330,2,1,2,0,0,1,1,1,1,1,1,1,5,0,0,0,0,1,0,0,4,0,0,0,1,1,1,0,0,0,1,2,0
221,2,1,0,1,0,0,-1,-1,1,1,4,6,5,0,0,0,0,1,0,0,1,1,0,0,0,1,1,0,0,0,1,2,0
42,1,-1,-1,-1,-1,1,-1,-1,0,1,4,7,7,0,0,0,0,0,0,1,1,1,0,0,0,1,1,0,0,0,1,2,0
75,3,1,2,-1,0,1,-1,1,1,1,2,3,5,0,0,0,0,1,0,0,1,1,0,0,0,1,1,0,0,0,1,1,1
294,3,-1,-1,0,-1,1,-1,-1,0,0,4,3,3,0,0,1,0,0,0,0,1,1,0,0,0,1,1,0,0,0,1,1,1
153,3,0,-1,1,0,0,0,0,0,0,2,6,7,0,0,0,0,0,0,1,1,1,0,0,0,1,1,0,0,0,1,2,0
354,1,1,0,1,1,1,1,1,1,1,2,1,5,0,0,0,0,1,0,0,1,1,0,0,0,1,1,0,0,0,1,1,1
149,2,0,0,2,0,1,0,-1,0,0,2,3,5,0,0,0,0,1,0,0,1,1,0,0,0,1,1,0,0,0,1,1,1
337,3,0,1,2,-1,1,1,1,1,0,2,2,1,1,0,0,0,0,0,0,3,0,0,1,0,2,0,1,0,0,1,1,1